Date,Open,High,Low,Close
31-Dec-21,35114.4,35596.95,35113.75,35481.7
30-Dec-21,34977.65,35179.05,34751.25,35063.6
29-Dec-21,35168.85,35378.3,34890.8,35045.4
28-Dec-21,35308.3,35352.4,35037.9,35183.8
27-Dec-21,34573.65,35143.7,34233,35057.9
24-Dec-21,35282.2,35327.95,34583.4,34857.05
23-Dec-21,35350.5,35477.3,35046.25,35191.15
22-Dec-21,34865.25,35112.1,34687.6,35029.5
21-Dec-21,34863.35,35050,34389.95,34607.85
20-Dec-21,35124.35,35231.1,34018.45,34439.85
17-Dec-21,36491.8,36550.75,35535.05,35618.65
16-Dec-21,37092.95,37159.3,36385.75,36548.65
15-Dec-21,36929.5,37083.5,36743.2,36789.55
14-Dec-21,36778.95,37039.05,36545.4,36893.95
13-Dec-21,37358.2,37581.05,36861.9,36925.25
10-Dec-21,37083.15,37153.25,36824.4,37105.65
09-Dec-21,37331.75,37397.55,36884.45,37082.45
08-Dec-21,37052.75,37384.8,36905.15,37284.7
07-Dec-21,36086.95,36820.7,36013.95,36618.4
06-Dec-21,36252.75,36344.55,35696.75,35735.9
03-Dec-21,36497.3,36844,36062.85,36197.15
02-Dec-21,36281.85,36563.5,36166.7,36508.25
01-Dec-21,35902.9,36445.35,35805,36364.9
30-Nov-21,35958.8,36774.2,35526.35,35695.3
29-Nov-21,36224.45,36347.85,35327.9,35976.45
26-Nov-21,36830.9,36868.9,35904.1,36025.5
25-Nov-21,37362.05,37507.95,37118.4,37364.75
24-Nov-21,37384.75,37891.9,37238.05,37441.95
23-Nov-21,36787,37448.75,36647.55,37272.8
22-Nov-21,38232.15,38241,36655.4,37128.8
18-Nov-21,38071.9,38233.95,37748.45,37976.25
17-Nov-21,38113.4,38456.3,37981.2,38041.55
16-Nov-21,38710.9,38724.7,38211.1,38307.1
15-Nov-21,38849.45,39117.15,38606.6,38702.35
12-Nov-21,38707.15,38822.85,38467.8,38733.35
11-Nov-21,38913.05,38929.95,38346.05,38560.2
10-Nov-21,39206.2,39220.3,38873.8,39023.25
09-Nov-21,39517.85,39560.6,39223.4,39368.8
08-Nov-21,39674.05,39674.05,38932.15,39438.25
04-Nov-21,39669.1,39734.7,39514.15,39573.7
03-Nov-21,40040.65,40160.2,39304.85,39402.05
02-Nov-21,39796.9,40107.6,39590.7,39938.45
01-Nov-21,39432.15,39862.6,39120.65,39763.75
29-Oct-21,39424.55,39775.25,38426.65,39115.6
28-Oct-21,40915.15,40931.05,39350.2,39508.95
27-Oct-21,41234.55,41347,40750,40874.35
26-Oct-21,41057.75,41367.25,40829.15,41238.3
25-Oct-21,40961.25,41829.6,40508.1,41192.4
22-Oct-21,40192.65,40587.35,40149.55,40323.65
21-Oct-21,39676.55,40200.45,39428.1,40030.2
20-Oct-21,39545.45,39774.55,39292.8,39518.2
19-Oct-21,39927.3,40011.15,39394.25,39540.5
18-Oct-21,39794.25,39947.6,39569.55,39684.8
14-Oct-21,38684.65,39375.05,38673,39340.9
13-Oct-21,38735.3,38779.05,38502.7,38635.75
12-Oct-21,38178.35,38609.6,38144.6,38521.5
11-Oct-21,37782.75,38495.3,37744.65,38293.8
08-Oct-21,37906.4,38105.2,37674.35,37775.25
07-Oct-21,37894,37923.65,37650.25,37753.2
06-Oct-21,37768.8,38106.85,37452,37521.55
05-Oct-21,37499.8,37786.6,37364.75,37741
04-Oct-21,37392.15,37670.7,37355.6,37579.65
01-Oct-21,37140.4,37299.4,36876.35,37225.9
30-Sep-21,37677.8,37884.85,37354.25,37425.1
29-Sep-21,37601.1,37923.45,37371.05,37743
28-Sep-21,38360,38377.25,37315.2,37945
27-Sep-21,38054.75,38355.2,37968.2,38171.25
24-Sep-21,37954,38112.6,37680,37830.3
23-Sep-21,37241.25,37830.75,37216.15,37771.7
22-Sep-21,37277.1,37328.6,36885.6,36944.65
21-Sep-21,37238.4,37340.7,36525.95,37235.85
20-Sep-21,37388.2,37802.75,37068.45,37145.7
17-Sep-21,37929.5,38112.75,37396.05,37811.95
16-Sep-21,36946,37720.15,36907.75,37668.6
15-Sep-21,36543.55,36949.7,36496.05,36852.25
14-Sep-21,36639.95,36756,36529.65,36613.05
13-Sep-21,36608.45,36724.85,36327.05,36471.8
09-Sep-21,36725.5,36857.2,36566.7,36683.2
08-Sep-21,36519.7,36855.9,36393.6,36768.2
07-Sep-21,36558.85,36685.85,36151.95,36468.8
06-Sep-21,36878.25,36923.65,36554.45,36592.35
03-Sep-21,36883.65,37140,36563.2,36761.15
02-Sep-21,36588.4,36895.55,36469,36831.3
01-Sep-21,36591.45,36997.7,36487.15,36574.3
31-Aug-21,36367.4,36552.8,36216.2,36424.6
30-Aug-21,35781.05,36398.45,35721.9,36347.65
27-Aug-21,35559.75,35727.9,35359.25,35627.8
26-Aug-21,35485.95,35785.8,35411.8,35617.55
25-Aug-21,35768.85,35910.3,35499.65,35586.25
24-Aug-21,35200.75,35795.3,35070,35712.1
23-Aug-21,35424.2,35427.4,34817.5,35124.4
20-Aug-21,35146.5,35306.5,34926.5,35033.85
18-Aug-21,36222.5,36248.9,35432,35554.5
17-Aug-21,35935.05,35993.7,35611.85,35867.45
16-Aug-21,36100.65,36261.55,36032.4,36094.5
13-Aug-21,36000.75,36233.3,35937.1,36169.35
12-Aug-21,35825.4,35998.15,35702.9,35937.05
11-Aug-21,36218.25,36227.55,35531.35,35806.4
10-Aug-21,35954.55,36317,35890.5,36034.1
09-Aug-21,35824.2,36159.85,35612.3,36028.95
06-Aug-21,35875.8,36080.1,35700.45,35809.25
05-Aug-21,36093.95,36115.45,35661.3,35834.75
04-Aug-21,35388.15,36219.8,35313,36028.05
03-Aug-21,34660.75,35238.45,34649.2,35207.45
02-Aug-21,34760.9,34861.75,34588.25,34710
30-Jul-21,34698.75,34738.75,34445.4,34584.35
29-Jul-21,34740.3,34778.15,34495.2,34691.5
28-Jul-21,34839.45,34841.55,34115.2,34532.9
27-Jul-21,35029.3,35186.1,34713.55,34797.45
26-Jul-21,34947.85,35138.2,34669.55,34949.7
23-Jul-21,34748.35,35088,34404.75,35034.4
22-Jul-21,34774.55,34989.1,34557.85,34677.3
20-Jul-21,34791.15,34894.15,34357.35,34415.45
19-Jul-21,35070.5,35347.05,34899.2,35079.2
16-Jul-21,35977.95,35977.95,35674.75,35751.8
15-Jul-21,35757.45,35985.25,35625.7,35907.65
14-Jul-21,35585.85,35804.05,35434.75,35668.25
13-Jul-21,35480.05,35727.85,35340.7,35673.4
12-Jul-21,35285.05,35394.3,35060.35,35198.9
09-Jul-21,35163.75,35225.2,34859.9,35071.95
08-Jul-21,35603.25,35811,35134.65,35274.1
07-Jul-21,35550.6,35795.75,35427.65,35771.3
06-Jul-21,35173.6,35807.45,35165.55,35579.15
05-Jul-21,35010.95,35234.3,34926.4,35212
02-Jul-21,34728.1,34894.45,34632.6,34809.9
01-Jul-21,34866,34917.65,34650.95,34684
30-Jun-21,35001.9,35214.9,34730.45,34772.2
29-Jun-21,35320.45,35337.45,34913.7,35010.3
28-Jun-21,35488.2,35576.95,35236.45,35359.45
25-Jun-21,34916.65,35491.95,34915.85,35364.65
24-Jun-21,34687.7,34935.3,34592.35,34827
23-Jun-21,34911.85,34937.65,34525.45,34574
22-Jun-21,35084.9,35281.9,34664.35,34745
21-Jun-21,34109.45,34927.65,33937.5,34871.3
18-Jun-21,34735.15,34787.4,33908.95,34558
17-Jun-21,34619.8,34882.4,34458.1,34605.4
16-Jun-21,35196.25,35380,34916.2,35003.5
15-Jun-21,35038.05,35317.4,34917.9,35247.75
14-Jun-21,34936.55,34995.15,34374.35,34950.6
11-Jun-21,35324.65,35344,34891.3,35047.4
10-Jun-21,34903.6,35165.65,34734.4,35131.2
09-Jun-21,35114.25,35402.45,34641.2,34800.5
08-Jun-21,35433.8,35449.5,34962.65,35085.3
07-Jun-21,35460.8,35545.85,35338.55,35443.65
04-Jun-21,35657.85,35810.9,35176.15,35291.65
03-Jun-21,35536.45,35723.7,35413,35649
02-Jun-21,35271.6,35415.85,35070.3,35373.75
01-Jun-21,35639.75,35713.9,35241.2,35337.2
31-May-21,35097.45,35584.3,34930.1,35526.65
28-May-21,35345.65,35436.65,34977.2,35141.45
27-May-21,34664.2,35220.8,34529.7,35095.05
26-May-21,34757.15,34897.95,34462.5,34684.2
25-May-21,35095,35125.85,34410.4,34662
24-May-21,34869.3,35216.1,34528.3,34943.6
21-May-21,33559.8,34694.45,33559.75,34606.9
20-May-21,33692.55,33833.7,33273.95,33334.55
19-May-21,33717.1,33959.3,33608.25,33685.2
18-May-21,33893.1,34142.85,33730.45,33922.4
17-May-21,32437.85,33506.9,32318.7,33459.25
14-May-21,32495.15,32622.65,32115.5,32169.55
12-May-21,32717.65,32747.7,32352.3,32452.3
11-May-21,32640.95,33154.3,32611.7,32872.2
10-May-21,33175.3,33297.6,33028.15,33142.4
07-May-21,33041.65,33259.15,32771.35,32904.5
06-May-21,32900.75,32956.35,32564,32827.8
05-May-21,32577.1,32862.15,32068.55,32783.7
04-May-21,32610.4,33011.55,32191.4,32270.35
03-May-21,32368.55,32566.6,31906.55,32465.75
30-Apr-21,33112.4,33455.25,32663.4,32781.8
29-Apr-21,33901.6,34287,33304.6,33714.5
28-Apr-21,32865.5,33777.7,32840.3,33722.8
27-Apr-21,32228.95,32807.1,32152.95,32735.35
26-Apr-21,32316.65,32603.7,32144.8,32275.15
23-Apr-21,31490.6,32148.4,31377.15,31722.3
22-Apr-21,30763.5,31834.5,30555.25,31782.6
20-Apr-21,31568.95,31731.65,30891,31112.7
19-Apr-21,30993.45,31304.3,30405.65,31208.4
16-Apr-21,32161.45,32325.15,31911.9,31977.45
15-Apr-21,31929.1,32187.05,31406.4,32112.85
13-Apr-21,30901.8,31885.45,30722.85,31771.6
12-Apr-21,31637.9,31698.05,30520.3,30792
09-Apr-21,32636.9,32972.15,32329.95,32448.05
08-Apr-21,33154.2,33306.8,32704.75,32782.85
07-Apr-21,32529.7,33191.7,32141.55,32991.2
06-Apr-21,32915.65,33007.65,32338.4,32501.35
05-Apr-21,33649.15,33697.75,32330.15,32678.85
01-Apr-21,33588,33949.15,33208.75,33858
31-Mar-21,33764.8,33773.1,33151.8,33303.9
30-Mar-21,33615.9,33990.8,33564.55,33875.1
26-Mar-21,33605.05,33610.65,33166.1,33318.2
25-Mar-21,33420.75,33550.15,32415.25,33006.45
24-Mar-21,33894.7,33970.65,33203.4,33293.25
23-Mar-21,33747.95,34360.05,33622,34184.4
22-Mar-21,34088.4,34148.9,33389.15,33603.45
19-Mar-21,33590.4,34355.4,33361,34161.6
18-Mar-21,34577.5,34759.85,33597.55,33856.8
17-Mar-21,34905.05,35100.5,34126.85,34229.25
16-Mar-21,35352,35405.05,34744.6,34804.6
15-Mar-21,35544.25,35544.25,34430.65,35182.55
12-Mar-21,36497.35,36497.35,35188.05,35496.65
10-Mar-21,36112.25,36176.9,35764.35,35938.3
09-Mar-21,35705.9,36077.8,35544.95,35865.65
08-Mar-21,35462.45,35827.3,35090.75,35275.75
05-Mar-21,35458.5,35616.05,34893.25,35228.15
04-Mar-21,35575.65,36316.4,35519.25,35802.5
03-Mar-21,35754.45,36455.15,35570.55,36368.05
02-Mar-21,35458.15,35747.05,35002.45,35419.7
01-Mar-21,35374.25,35581.1,34983.75,35296
26-Feb-21,35806.65,35902.9,34658.7,34803.6
25-Feb-21,36763.15,37232.2,36494,36549
24-Feb-21,35205.4,36567.65,35060.65,36452.3
23-Feb-21,35540.55,35680.85,34976,35116.95
22-Feb-21,35874.3,36128.9,35097.55,35257.2
19-Feb-21,36371.55,36656.2,35584.6,35841.6
18-Feb-21,37088.75,37108.75,36367.45,36587
17-Feb-21,37041.95,37331.45,36764.25,36910.95
16-Feb-21,37492.6,37708.75,36762.75,37098.4
15-Feb-21,36501.4,37449.9,36405.1,37306.25
12-Feb-21,35736.6,36322.8,35700.25,36108.9
11-Feb-21,35687.25,36009.45,35573.3,35752.1
10-Feb-21,36042.35,36227.2,35428.15,35783.1
09-Feb-21,36058.8,36477.15,35636.85,36056.5
08-Feb-21,36073.85,36466.45,35872.25,35983.65
05-Feb-21,35634.95,36615.2,35545,35654.5
04-Feb-21,34548.9,35413.15,34238.9,35344.8
03-Feb-21,34555.6,34908.05,34011.9,34758.45
02-Feb-21,33589.05,34652.5,33583.15,34267.9
01-Feb-21,30976.35,33305.3,30906.45,33089.05
29-Jan-21,30700.65,31111.95,30254.55,30565.5
28-Jan-21,29812.3,30464.4,29687.7,30358.3
27-Jan-21,31236.25,31287.05,30165.65,30284.55
25-Jan-21,31507.15,31697.55,31013.65,31198.4
22-Jan-21,32088,32131.4,31119.9,31167.25
21-Jan-21,32732.8,32842.3,31985.55,32186.9
20-Jan-21,32388.95,32607.45,32322.9,32543.7
19-Jan-21,32082.9,32464.95,31863.95,32424.85
18-Jan-21,32275.15,32441.5,31650.9,31811.75
15-Jan-21,32508.9,32544.8,32044.35,32246.8
14-Jan-21,32526.7,32718.95,32442.35,32519.75
13-Jan-21,32546.6,32683.5,32148.25,32574.65
12-Jan-21,31835.05,32397.95,31725.85,32339
11-Jan-21,32280.3,32288.45,31836.95,31998.9
08-Jan-21,32298.05,32298.05,32002.95,32084.2
07-Jan-21,32129.8,32177.4,31911.5,31956
06-Jan-21,31839.95,31982.3,31548.15,31797.9
05-Jan-21,31041.1,31767.65,30935.55,31722.25
04-Jan-21,31485.15,31489.6,30893.65,31212.45
01-Jan-21,31297.3,31384.35,31188.25,31225.85
31-Dec-20,31295.9,31409.5,31088.1,31264.05
30-Dec-20,31479.8,31510.25,31007.15,31303.05
29-Dec-20,31006.9,31359.35,31002.6,31322.5
28-Dec-20,30558.85,30929.05,30538.15,30880.95
24-Dec-20,30071.65,30545.85,30007.8,30402.2
23-Dec-20,29560.75,29941.4,29446,29883.3
22-Dec-20,29607.5,29711.15,28976.75,29625.95
21-Dec-20,30595.8,30607.5,29201.2,29456.45
18-Dec-20,30841.85,30854.05,30374.5,30714.65
17-Dec-20,30791.2,30945.2,30643.9,30847.05
16-Dec-20,30920.35,30932.25,30587.1,30698.4
15-Dec-20,30805.4,30805.85,30345.75,30691.05
14-Dec-20,30735.15,30845.8,30624.25,30745.9
11-Dec-20,30555.3,30811.8,30328.45,30604.85
10-Dec-20,30545.35,30610,30202.1,30510.35
09-Dec-20,30335.05,30807.25,30326.7,30709.4
08-Dec-20,30300.3,30363.8,30025.2,30261.9
07-Dec-20,30062.6,30354.2,29950.6,30211.55
04-Dec-20,29573.4,30162.3,29473.5,30052.4
03-Dec-20,29728.9,29813,29379.4,29448.75
02-Dec-20,29876.7,29886.25,29149.9,29463.15
01-Dec-20,29844.8,29919.75,29511,29817.85
27-Nov-20,29622,29716.85,29368.7,29609.05
26-Nov-20,29370.4,29623,28923.1,29549.75
25-Nov-20,30021.9,30197.85,29132.3,29196.4
24-Nov-20,29265.6,29827.8,29206.75,29737.25
23-Nov-20,29432.8,29492.3,28852.9,29024.2
20-Nov-20,28935.75,29406.7,28580.9,29236
19-Nov-20,29302.6,29627.2,28819.55,28903.05
18-Nov-20,29107.9,29784.75,29056.75,29749.85
17-Nov-20,28792.25,29239.25,28722.9,29181.3
14-Nov-20,28685.7,28752.45,28431.85,28594.3
13-Nov-20,28108.7,28520.55,27703.3,28465.7
12-Nov-20,28633.75,28672.9,28066.05,28278.8
11-Nov-20,28713.15,29030.9,28211.1,28845
10-Nov-20,28039.45,28802.5,27916.9,28606
09-Nov-20,27088.95,27595,27068.95,27534.1
06-Nov-20,26274.1,26853.45,26135.3,26798.95
05-Nov-20,26174.8,26375.2,26000.05,26313.1
04-Nov-20,25539.55,25891,25142,25771.6
03-Nov-20,25108,25760.7,25085.7,25682.8
02-Nov-20,24367.6,25139,24120.6,24892.5
30-Oct-20,24090.15,24277.35,23612.7,23900.9
29-Oct-20,24063.5,24339.1,23822.05,24092
28-Oct-20,24737.85,24780.7,24057.95,24232.5
27-Oct-20,24288.05,24809.65,23924.2,24769.5
26-Oct-20,24525.8,24577.3,23867.75,24075.45
23-Oct-20,24669.2,24764.15,24360.85,24478.3
22-Oct-20,24447.35,24691.15,24250.2,24484.15
21-Oct-20,24444.2,24823.6,24099.85,24635.05
20-Oct-20,24117.35,24410.9,24039.85,24311.8
19-Oct-20,23902.9,24320.95,23754.85,24266.75
16-Oct-20,23219.85,23646.2,23148.95,23533.25
15-Oct-20,23920.35,24087.85,22970.95,23072.4
14-Oct-20,23353.15,23962.7,23149.45,23874.65
13-Oct-20,23663.05,23775.15,23431.5,23492.2
12-Oct-20,23955.6,24190.35,23552.6,23712.8
09-Oct-20,23312.6,23904.1,23132.45,23846.8
08-Oct-20,23150.25,23450.9,23063.6,23191.35
07-Oct-20,22836.95,23036.2,22607.8,22964.8
06-Oct-20,22673.05,22893.5,22521.05,22853.7
05-Oct-20,22352.1,22768.55,22247.25,22370.95
01-Oct-20,21685.25,22293.75,21664.15,22246
30-Sep-20,21405.25,21549.35,21128.5,21451.8
29-Sep-20,21770.9,21811.5,21280.6,21411.3
28-Sep-20,21152.05,21708.85,21055.1,21665.5
25-Sep-20,20740.8,21064.3,20430.7,20982.35
24-Sep-20,20898.8,20955.6,20404.9,20456.85
23-Sep-20,21350.8,21365.05,20821,21178.5
22-Sep-20,21445.25,21473.35,20958.45,21139.1
21-Sep-20,21983.4,22098.85,21274.3,21366.8
18-Sep-20,22439.35,22469.4,21784.9,22031.05
17-Sep-20,22352,22504.45,22267.05,22320.35
16-Sep-20,22476.3,22659.4,22216.5,22573.55
15-Sep-20,22202.8,22514.15,22062.35,22465.65
14-Sep-20,22683.35,22757.3,22028.15,22101.25
11-Sep-20,22509.95,22668.75,22205.95,22479.95
10-Sep-20,22466.55,22678.65,22225.25,22466.2
09-Sep-20,22486.7,22554.6,22080.4,22267
08-Sep-20,22971.2,23064.15,22641.4,22744.4
07-Sep-20,23036.25,23109.1,22716.25,22945.05
04-Sep-20,23119.15,23394.8,22876.9,23011.5
03-Sep-20,23986.15,24051.6,23451.65,23530.85
02-Sep-20,23769,23926.15,23482.55,23874.55
01-Sep-20,23893.8,24199.65,23473.15,23812
31-Aug-20,25038.8,25232.6,23385.3,23754.35
28-Aug-20,23635.3,24611.8,23599.2,24523.8
27-Aug-20,23511.45,23704.05,23464.15,23600.35
26-Aug-20,23175.55,23453.4,23093.15,23414.2
25-Aug-20,22973.4,23180.3,22857.9,23092.15
24-Aug-20,22436.85,22897.5,22410.05,22833
21-Aug-20,22190.7,22344.05,22165.05,22299.6
20-Aug-20,21989.9,22079.9,21886.7,21999.45
19-Aug-20,22315.4,22419.35,22234.25,22285.9
18-Aug-20,21702,22227.75,21629.4,22170.6
17-Aug-20,21906.95,21909.4,21403.15,21700.85
14-Aug-20,22334.95,22334.95,21459.1,21679.4
13-Aug-20,22395.2,22439.95,22139.6,22196.35
12-Aug-20,22135.95,22326.55,21990.2,22264
11-Aug-20,22050.2,22277.6,22039.85,22227.2
10-Aug-20,21824.9,22071.95,21795.1,21900.25
07-Aug-20,21620.25,21787.25,21451.3,21754
06-Aug-20,21644.25,21926.55,21370.3,21642.6
05-Aug-20,21686.85,21936.5,21448.4,21509.95
04-Aug-20,21248.25,21576.35,21057.75,21490.5
03-Aug-20,21543.8,21543.8,21031.45,21072.1
31-Jul-20,21730.55,21806.95,21375,21640.05
30-Jul-20,22195.05,22252.6,21580.15,21646.85
29-Jul-20,22075,22346.4,21906.35,22076.6
28-Jul-20,21940.15,22233,21611.4,22105.2
27-Jul-20,22664.6,22668.05,21801.35,21848.75
24-Jul-20,22853.2,22854.05,22417.2,22662.05
23-Jul-20,22854.85,23122.35,22734.9,23083.9
22-Jul-20,23159,23211.35,22658.2,22882.6
21-Jul-20,22639.85,22861.9,22597.95,22782
20-Jul-20,22307.3,22520.45,22187.8,22321.85
17-Jul-20,21608.05,22065,21550.8,21966.8
16-Jul-20,21453.25,21671.25,21027.85,21597.15
15-Jul-20,21634.25,21935.5,21230.55,21340.75
14-Jul-20,21877.6,21909.7,21222.45,21392.2
13-Jul-20,22613.25,22657.4,21981.65,22089.25
10-Jul-20,22720.95,22835.2,22320.05,22398.45
09-Jul-20,22753.15,22998.3,22673.4,22907.2
08-Jul-20,22700.9,23080.6,22499.5,22584.65
07-Jul-20,22254.3,22674.5,22040.35,22628
06-Jul-20,22270.95,22399.25,22171.05,22198.95
03-Jul-20,22101.75,22130.3,21768,21852.4
02-Jul-20,22133.8,22344.85,21890.5,21953.2
01-Jul-20,21354.1,22061.6,21281.85,21977.6
30-Jun-20,21524.3,21650.5,21212,21370.15
29-Jun-20,21291.55,21440.05,21026.45,21359
26-Jun-20,21735.05,21784.65,21320.1,21592.05
25-Jun-20,21218.05,21703.5,20926.45,21506.15
24-Jun-20,22479.35,22479.55,21336.35,21426.8
23-Jun-20,21859.25,22322.3,21647.8,22264.9
22-Jun-20,21491.55,22078.25,21425.55,21708.35
19-Jun-20,20970.1,21467.65,20878.25,21338.1
18-Jun-20,20137.6,21028.35,20030.35,20956.3
17-Jun-20,20137.45,20627.9,19978.15,20201.75
16-Jun-20,20500.65,20638.85,19507.05,20296.7
15-Jun-20,20457.15,20470.85,19740.2,19912.9
12-Jun-20,19529.3,20747.7,19526.1,20654.55
11-Jun-20,21084.7,21244.45,20458.3,20525.15
10-Jun-20,20760.95,21251.45,20671.55,21100.1
09-Jun-20,21295.5,21568.85,20629.7,20724.9
08-Jun-20,21636.1,21807.4,20911.25,21187.35
05-Jun-20,20516.4,21198.7,20425.05,21034.5
04-Jun-20,20932.35,21141.8,20316.2,20390.45
03-Jun-20,20966.6,21619.55,20822,20940.7
02-Jun-20,20120.6,20615.75,19852.55,20530.2
01-Jun-20,19728.9,20225.35,19632.9,19959.9
29-May-20,18962,19358.05,18729.9,19297.25
28-May-20,18924.45,19455.55,18818.95,19169.8
27-May-20,17603.4,18874.25,17560.35,18710.55
26-May-20,17537.65,17681.7,17311.25,17440.35
22-May-20,17554.25,17952.25,17105,17278.9
21-May-20,17901.95,18200.7,17658.55,17735.1
20-May-20,17486.5,18002.65,17407.7,17840.2
19-May-20,18037.15,18175.3,17390.65,17486.25
18-May-20,18795.1,18795.1,17514.2,17573.2
15-May-20,19098.8,19119.1,18683.65,18833.95
14-May-20,19197.7,19380.1,19024.75,19068.5
13-May-20,20017.75,20122.25,19429.9,19634.95
12-May-20,18751.4,18993.4,18287,18862.85
11-May-20,19610.45,19733.4,18900.9,18950.5
08-May-20,19844,19969.6,19285.05,19352.9
07-May-20,19536.05,19757.25,19332.15,19491.8
06-May-20,19302.45,19806.6,18941,19694.55
05-May-20,20147.3,20223.15,19212.35,19271.75
04-May-20,20514.75,20530.45,19643.6,19743.75
30-Apr-20,21589.2,21967,21353.65,21534.5
29-Apr-20,20440.4,21348.15,20393.65,21090.2
28-Apr-20,20436.6,20751.3,20260.8,20671.1
27-Apr-20,19870.8,20224.75,19847.65,20081.15
24-Apr-20,19697.65,19950.15,19515.4,19586.65
23-Apr-20,19871.35,20356.5,19584.4,20267.95
22-Apr-20,19306.95,19806.35,19051.95,19701.85
21-Apr-20,19812.05,19891.45,19247.95,19409.35
20-Apr-20,21104.7,21122.1,20444.25,20522.65
17-Apr-20,20394.75,20866.55,19729.3,20681.45
16-Apr-20,18957.15,19520.3,18703.45,19400
15-Apr-20,20096.35,20184.1,18776.75,19057.05
13-Apr-20,19854.9,19887.05,19294,19488
09-Apr-20,19553.15,19988.3,19166.9,19913.6
08-Apr-20,18799.4,20324.1,18482.9,18946.45
07-Apr-20,18454.55,19190.55,17953.75,19062.5
03-Apr-20,18325.05,18326.1,17143.2,17249.3
01-Apr-20,19122.4,19154.75,18042.25,18208.35
31-Mar-20,19307.65,19466.3,18792.4,19144
30-Mar-20,19254.45,19716.25,18668.7,18782.4
27-Mar-20,20801.6,21462.4,19580.1,19969
26-Mar-20,18781.85,20409.35,18364.5,19613.9
25-Mar-20,16759.95,18740.2,16635.5,18481.05
24-Mar-20,17705.85,17841.4,16116.25,17107.3
23-Mar-20,18311.3,18895.65,16791.05,16917.65
20-Mar-20,19898.3,20924.55,19265,20317.6
19-Mar-20,19428.95,21035.05,18675.65,20083.5
18-Mar-20,22411.85,22544.05,20267.95,20580.2
17-Mar-20,23348.05,23449.5,22002,22155.15
16-Mar-20,24061.6,24074.15,23008.25,23101.15
13-Mar-20,22720.75,25670.75,21351.7,25166.45
12-Mar-20,25175.9,25223.1,23536.35,23971.15
11-Mar-20,26272.75,26791.45,26234.1,26487.8
09-Mar-20,27031.45,27091.6,25923.4,26462.6
06-Mar-20,27649.95,28047.2,27162.3,27801.45
05-Mar-20,28830.3,29134.3,28535.6,28815.35
04-Mar-20,29252.95,29273.65,28125.15,28653.7
03-Mar-20,29012.55,29285.35,28749.55,29177.05
02-Mar-20,29701,29791.15,28571.7,28868.4
28-Feb-20,29501.55,29564.1,29051.5,29147.15
27-Feb-20,30270,30271.95,29914.15,30187
26-Feb-20,30279.95,30515.35,30131.75,30306.85
25-Feb-20,30517,30610.7,30329.95,30432.7
24-Feb-20,30666.35,30702.15,30428,30455.1
20-Feb-20,30862.3,31085.3,30702.45,30942.85
19-Feb-20,30905,30947.15,30606.15,30838.2
18-Feb-20,30661.5,30692.75,30252.45,30562.5
17-Feb-20,30873.85,30998.15,30630.5,30680.7
14-Feb-20,31281.85,31436.65,30776.1,30834.8
13-Feb-20,31586.55,31649.45,31180.6,31230.25
12-Feb-20,31441.15,31588.6,31398.15,31492.9
11-Feb-20,31230.2,31505.95,31225.9,31300.6
10-Feb-20,31248.65,31248.8,30957.2,31058.15
07-Feb-20,31367.05,31368.2,31111.05,31201.95
06-Feb-20,31070.75,31470.65,30917.25,31304.05
05-Feb-20,30761.95,31065.85,30630.85,31001.95
04-Feb-20,30235.3,30776.95,30182.45,30686.7
03-Feb-20,29811.75,30105.8,29612.55,30023.25
01-Feb-20,30726.2,30918.6,29753,29820.9
31-Jan-20,30950.5,31033.45,30691.8,30833.6
30-Jan-20,30889.25,30909.5,30521.3,30647.4
29-Jan-20,30915.1,31082.85,30835.8,30877
28-Jan-20,30922,31048.45,30656.35,30761.4
27-Jan-20,31110.55,31227.05,30808.55,30837.4
24-Jan-20,31040.1,31375.45,30879.05,31241.75
23-Jan-20,30742.2,31087.25,30621.35,31004.05
22-Jan-20,31061.6,31149.05,30614,30701.45
21-Jan-20,30978.85,31171.25,30858.6,30947.55
20-Jan-20,31923.95,31923.95,31050.95,31080.65
17-Jan-20,31571.65,31773.55,31445.5,31590.65
16-Jan-20,31810.55,31988.9,31692.4,31853.9
15-Jan-20,31994.75,32000.9,31670.35,31824.9
14-Jan-20,32196.45,32196.45,31989.2,32071.65
13-Jan-20,32139.1,32322.65,32074.05,32177.65
10-Jan-20,32215.7,32347.2,31953.4,32097.4
09-Jan-20,31748.25,32172.7,31667.15,32092.4
08-Jan-20,30995.5,31451.85,30899.55,31373.65
07-Jan-20,31598.05,31851.45,31200.9,31399.4
06-Jan-20,31910.45,31914.45,31170.55,31237.15
03-Jan-20,32326.95,32329.8,31960.4,32069.25
02-Jan-20,32133.15,32465.45,32121.4,32443.85
01-Jan-20,32237.9,32348,32057.2,32102.9
31-Dec-19,32345.95,32345.95,32108.75,32161.65
30-Dec-19,32486.6,32613.1,32248.5,32354.9
27-Dec-19,32142.5,32444.85,32056.25,32412.35
26-Dec-19,32276.15,32314.6,31963.25,31997.7
24-Dec-19,32337.8,32390.35,32246.05,32280.75
23-Dec-19,32381,32502.8,32196.85,32339.45
20-Dec-19,32266.85,32443.35,32199.45,32384.95
19-Dec-19,32281.65,32328.35,32085.05,32241.45
18-Dec-19,32292.25,32293.65,32017.3,32244.25
17-Dec-19,32082.4,32213.35,31987.35,32140.25
16-Dec-19,32159,32186.95,31897.75,31974.2
13-Dec-19,31775.55,32105.05,31770.5,32014.25
12-Dec-19,31356.8,31711.45,31352.1,31665.45
11-Dec-19,31151.65,31337.85,30996.4,31256.75
10-Dec-19,31386.4,31412.8,31126,31160.35
09-Dec-19,31321.4,31537.65,31122.05,31316.65
06-Dec-19,31797.15,31883.7,31250.65,31341.55
05-Dec-19,32083.8,32126.95,31628.3,31712.95
04-Dec-19,31549.3,32017.75,31444,31979.3
03-Dec-19,31920.1,31936.6,31502.95,31613.35
02-Dec-19,32008.3,32024.1,31720.6,31871.45
29-Nov-19,32074.15,32086.95,31770.8,31946.1
28-Nov-19,31981.7,32157.05,31905.9,32122.95
27-Nov-19,31832.75,31916.8,31734.5,31875.95
26-Nov-19,31692.85,31850.35,31465.85,31718.35
25-Nov-19,31065.1,31591.6,31049.75,31555.9
22-Nov-19,31389.6,31394.2,31055.2,31111.6
21-Nov-19,31413.25,31463.15,31243,31349.95
20-Nov-19,31292.35,31471.65,31205.55,31353.85
19-Nov-19,31045.15,31298.05,30974.3,31236.25
18-Nov-19,31036.8,31203.55,30901.85,30992.1
15-Nov-19,30912.4,31165.45,30860.7,31008.4
14-Nov-19,30615.8,30789.2,30338.35,30749.95
13-Nov-19,31084.75,31198.5,30488.1,30541.55
11-Nov-19,30664.65,31205.2,30625.8,31115.55
08-Nov-19,30571.3,31108.4,30504.05,30749.4
07-Nov-19,30722.6,30821.35,30462.55,30633.15
06-Nov-19,30225.2,30699,30013.65,30609.6
05-Nov-19,30403.25,30452.7,30091.35,30219.85
04-Nov-19,30415.9,30607.05,30227.25,30333.1
01-Nov-19,30196.15,30409,30028.9,30330.55
31-Oct-19,30168.65,30415.65,29987.15,30066.25
30-Oct-19,30005.7,30151.1,29753,29987.5
29-Oct-19,29527.6,29997.65,29385.45,29873.05
27-Oct-19,29605.4,29644.45,29446.8,29516.3
25-Oct-19,29228.65,29452.1,28923.8,29395.95
24-Oct-19,29604.35,29693.25,28994.2,29107.95
23-Oct-19,29478.85,29643.8,29214.05,29459.6
22-Oct-19,29416.25,29690,29231.2,29411.15
18-Oct-19,28954.8,29249.5,28864.1,29120.25
17-Oct-19,28596.35,29049.05,28487.95,28989.45
16-Oct-19,28689.45,28759.35,28305.4,28538.8
15-Oct-19,28257.85,28694.85,28186.25,28555.1
14-Oct-19,28238.5,28553.4,28043.25,28181.95
11-Oct-19,28245.55,28604.05,27736.8,28042.5
10-Oct-19,28542.95,28552.75,27914.15,28013.45
09-Oct-19,27901.65,28857.7,27702.05,28785.85
07-Oct-19,27909.9,28185.15,27568.35,27767.55
04-Oct-19,28681.9,28730.3,27653.7,27731.85
03-Oct-19,28606.7,28769.1,28240.8,28414.1
01-Oct-19,29226.15,29526.4,28077.35,28725.5
30-Sep-19,29674.8,29754.4,28943.45,29103.15
27-Sep-19,29974.95,30112.65,29711.35,29876.65
26-Sep-19,29640.55,30718.35,29627,30002.6
25-Sep-19,30029.05,30067.6,29470.1,29586.05
24-Sep-19,30432,30668.1,29889.55,30183.1
23-Sep-19,30039.4,30801.3,29776.3,30566.2
20-Sep-19,26878.65,29418.95,26727.55,28981.55
19-Sep-19,27175.45,27175.45,26643,26757.65
18-Sep-19,27304.7,27414.45,27088.8,27172.65
17-Sep-19,27765.1,27851.4,27047.95,27131.75
16-Sep-19,27868,28066.7,27798.85,27855
13-Sep-19,27772,28126.85,27573.45,28098.75
12-Sep-19,27870.8,28062.3,27764.7,27818.5
11-Sep-19,27639.05,27829.65,27551.65,27776.2
09-Sep-19,27240.35,27565.55,26993.9,27504.65
06-Sep-19,26986.5,27311.05,26950.55,27247.9
05-Sep-19,27086.95,27243.95,26815.4,26919.7
04-Sep-19,26785.95,27278.7,26641.35,27123.85
03-Sep-19,27239.2,27247.05,26742.6,26824.15
30-Aug-19,27407.9,27586.5,27121.95,27427.85
29-Aug-19,27694.95,27719.05,27239.95,27305.2
28-Aug-19,28080.25,28095.55,27634.65,27804.3
27-Aug-19,28106.3,28277.7,27960.8,28126.15
26-Aug-19,27663.95,27995.25,26859.35,27951.35
23-Aug-19,26835.35,27207.3,26560.6,26958.65
22-Aug-19,27690.05,27690.05,26975.55,27034.2
21-Aug-19,28021,28098.9,27666.2,27719.05
20-Aug-19,28163.55,28215.4,27839.65,27982.45
19-Aug-19,28331.25,28468.9,28146.5,28186.1
16-Aug-19,27920.3,28251.05,27720.95,28217
14-Aug-19,27885.5,28107.05,27726.65,28019.2
13-Aug-19,28356.8,28358.85,27683.5,27729.1
09-Aug-19,28293.65,28602.75,28251.75,28431.9
08-Aug-19,27840.1,28227.55,27531.05,28110.45
07-Aug-19,28053.85,28175.55,27641.85,27702.05
06-Aug-19,27518.5,28148.4,27503.9,28022.1
05-Aug-19,27841.2,27866.55,27389.5,27648.05
02-Aug-19,28224.25,28544.55,27936.35,28204.95
01-Aug-19,28660.5,28819.7,28047.35,28367.25
31-Jul-19,28575.45,28979.75,28529.75,28876
30-Jul-19,29434.85,29530.3,28737.8,28791.6
29-Jul-19,29583.45,29592.95,29104.85,29295.9
26-Jul-19,29062.5,29379.1,28994.5,29325.3
25-Jul-19,28981.05,29240.8,28931.05,29043.05
24-Jul-19,29085.45,29252.4,28871,28952.25
23-Jul-19,29342.45,29365.8,29078.15,29128.1
22-Jul-19,29617.05,29635.15,29194.1,29284.95
19-Jul-19,30515.1,30543.75,29705.75,29770.35
18-Jul-19,30705.8,30769.35,30378.6,30430.6
17-Jul-19,30622.25,30799.7,30568.3,30735.5
16-Jul-19,30532.65,30635,30429.9,30570.8
15-Jul-19,30688.85,30695.7,30334.2,30445.95
12-Jul-19,30789.75,30870.95,30548.3,30601.45
11-Jul-19,30707,30788.05,30565.35,30716.55
10-Jul-19,30618.05,30728.35,30428.6,30522.1
09-Jul-19,30533.4,30702.1,30346.7,30569.15
08-Jul-19,31346.85,31370.4,30536.75,30603.85
05-Jul-19,31523.05,31660.75,31323.25,31475.8
04-Jul-19,31471,31608.35,31428.05,31471.85
03-Jul-19,31347.7,31467.15,31238.5,31382.3
02-Jul-19,31414.65,31431.35,31105.1,31283.3
01-Jul-19,31271,31450.35,31246.45,31372.2
28-Jun-19,31281,31308.9,31060.6,31105.2
27-Jun-19,31192.1,31490.6,31158.8,31269.5
26-Jun-19,30809.2,31202.7,30766.65,31162.35
25-Jun-19,30567.65,30913.25,30451.4,30847.05
24-Jun-19,30680.95,30783.65,30528,30602.05
21-Jun-19,30804.95,30804.95,30541.5,30628.35
20-Jun-19,30390.2,30824.55,30220.7,30781.1
19-Jun-19,30526.5,30699.15,30242,30362.1
18-Jun-19,30299.45,30550.65,30222.85,30351
17-Jun-19,30652,30684.05,30249.4,30273.25
14-Jun-19,30983.45,31032.65,30508.95,30614.35
13-Jun-19,30876.75,31036.9,30638.25,30976.1
12-Jun-19,31219.3,31222.3,30911.45,30965.7
11-Jun-19,31172.25,31399.35,30973.35,31265.45
10-Jun-19,31259.2,31367.4,30861.3,31034
07-Jun-19,30943.15,31139.6,30627.05,31066.55
06-Jun-19,31523.95,31541.5,30800.8,30857.4
04-Jun-19,31532.9,31752.7,31512.95,31589.05
03-Jun-19,31406.05,31674.6,31284.7,31653.65
31-May-19,31678.9,31783.6,30623.05,31375.4
30-May-19,31256.85,31619.25,31236.1,31537.1
29-May-19,31459.25,31546.75,31257.9,31295.55
28-May-19,31711.3,31712.4,31328.6,31597.9
27-May-19,31234.9,31700.75,31142.5,31647.65
24-May-19,30685.5,31275.4,30564.4,31212.55
23-May-19,30962.8,31705,30292.35,30409.1
22-May-19,30410.65,30675.1,30268.6,30526.8
21-May-19,30862.1,30926.7,30265.1,30308.4
20-May-19,30230.4,30827.85,30111.2,30759.7
17-May-19,28881.4,29559.45,28856,29450.15
16-May-19,28625.9,28947.6,28525.45,28855.3
15-May-19,28925.45,28983.15,28555.15,28616.45
14-May-19,28718.75,29058.3,28582.6,28829.2
13-May-19,29026.65,29049.05,28621.1,28659.95
10-May-19,28927.6,29202.85,28900.1,29040.5
09-May-19,28893.95,29040.3,28784.65,28884.6
08-May-19,29261.3,29261.3,28951.35,28994.4
07-May-19,29749.55,29835.5,29244.25,29288.2
06-May-19,29626.5,29757.4,29528.6,29618.45
03-May-19,29811.65,30121.75,29795.1,29954.15
02-May-19,29699.8,29919.35,29638.8,29708.6
30-Apr-19,29920.4,29920.4,29550.05,29764.8
26-Apr-19,29764.85,30048.2,29563.15,30013.5
25-Apr-19,29927.05,30057.7,29511.95,29561.35
24-Apr-19,29550.5,29914.85,29435.05,29860.8
23-Apr-19,29761.95,29906.5,29455.45,29479.7
22-Apr-19,30282.5,30289.9,29647.55,29687.95
18-Apr-19,30656.5,30669.8,30142.2,30223.4
16-Apr-19,30236.25,30590.95,30228.2,30531.35
15-Apr-19,29983.5,30163.1,29919.1,30104.25
12-Apr-19,29780.55,30000.95,29707,29938.55
11-Apr-19,29841.85,29852.25,29640.25,29786.1
10-Apr-19,29916.6,30155.75,29768.1,29803.5
09-Apr-19,29901.5,30165.05,29703.55,30113.85
08-Apr-19,30201.5,30232.05,29716.6,29845.3
05-Apr-19,30002.85,30174,29850,30084.65
04-Apr-19,30147.3,30245.7,29809.9,29904.9
03-Apr-19,30440.85,30602.55,30036.25,30093.3
02-Apr-19,30450.1,30452.9,30155.85,30354.25
01-Apr-19,30537.6,30648.1,30218.35,30326.5
29-Mar-19,30480.35,30499.15,30235.9,30426.8
28-Mar-19,30064.8,30496.05,29969.1,30420.55
27-Mar-19,30034.15,30262.55,29790.25,30019.8
26-Mar-19,29300.4,29950.15,29278.5,29882.15
25-Mar-19,29329.4,29329.4,29156.25,29281.2
22-Mar-19,29920.75,30008.1,29508.7,29582.5
20-Mar-19,29769.65,29885.2,29633.5,29832.2
19-Mar-19,29702.6,29799.75,29547.7,29767.85
18-Mar-19,29521.6,29812,29361.65,29596.1
15-Mar-19,29007,29520.7,28990.85,29381.45
14-Mar-19,29028.9,29070.35,28819.75,28923.1
13-Mar-19,28480.3,28927.7,28353.65,28884.3
12-Mar-19,28168.2,28488.1,28142.25,28443.7
11-Mar-19,27840.1,28035.6,27791.25,27966.65
08-Mar-19,27686.15,27811.35,27645.4,27761.8
07-Mar-19,27661,27815.5,27560,27764.6
06-Mar-19,27618.1,27681.65,27492.05,27625.65
05-Mar-19,27068.15,27580.75,26958.1,27554.05
01-Mar-19,26941,27076.55,26928.9,27043.9
28-Feb-19,26878,26920.5,26762.55,26789.9
27-Feb-19,27078.1,27189.45,26719.4,26799.3
26-Feb-19,26853.8,27127.25,26736.6,26952.95
25-Feb-19,26934.2,27197.1,26932.65,27159.25
22-Feb-19,26960.05,26997.35,26847.8,26867.55
21-Feb-19,26994.75,27100.9,26973,27052.4
20-Feb-19,26786,26985.5,26732.65,26955.5
19-Feb-19,26666.55,26996.45,26625.6,26684.85
18-Feb-19,26754.6,26829.95,26617.7,26654.25
15-Feb-19,27017.2,27029.95,26635.25,26794.25
14-Feb-19,26978,27030,26818.05,26970.6
13-Feb-19,27068.85,27108,26839.05,26885.4
12-Feb-19,27166.9,27286.65,26988.9,27010.75
11-Feb-19,27240.5,27305.9,27151.55,27227.8
08-Feb-19,27302.65,27482.1,27221.25,27294.4
07-Feb-19,27424.1,27589.75,27322.95,27387.15
06-Feb-19,27326.2,27428.65,27294.1,27402.35
05-Feb-19,27226.05,27348.25,27153.2,27271.7
04-Feb-19,26974,27243.8,26825.55,27186.6
01-Feb-19,27334.55,27533.05,26930.45,27085.95
31-Jan-19,26969.15,27325.05,26891.05,27295.45
30-Jan-19,26789.75,26916.25,26693.7,26825.5
29-Jan-19,26616.25,26743.85,26441.55,26573.4
28-Jan-19,27041.45,27134.2,26587.95,26653.05
25-Jan-19,27261.45,27433.55,27045.2,27115.3
24-Jan-19,27273.5,27342.35,27142.8,27266.4
23-Jan-19,27493.1,27564.7,27189.6,27250.75
22-Jan-19,27526.55,27533.35,27385.4,27482.25
21-Jan-19,27514.55,27622.2,27388.5,27533.6
18-Jan-19,27550.05,27576.45,27410.65,27456.7
17-Jan-19,27568.6,27611.55,27335.15,27528.75
16-Jan-19,27405.65,27554.75,27403.05,27483.7
15-Jan-19,27317.55,27447.55,27317.1,27400.75
14-Jan-19,27389.2,27389.8,27182.2,27248.25
11-Jan-19,27602.8,27612.45,27382.45,27453.9
10-Jan-19,27713.55,27713.55,27488.2,27528.55
09-Jan-19,27651.25,27754.45,27409.5,27720.4
08-Jan-19,27301.9,27542.4,27161.95,27509.5
07-Jan-19,27378.65,27477.8,27279.55,27304.55
04-Jan-19,26999.7,27274.5,26926.1,27195
03-Jan-19,27181.6,27206.2,26923.75,26959.85
02-Jan-19,27297,27397.55,27077.6,27174.7
01-Jan-19,27231.4,27430.55,27019.05,27392.4
31-Dec-18,27267.8,27286.5,27105,27160.2
28-Dec-18,27048.4,27213.45,27039.6,27125.25
27-Dec-18,27200.65,27239.95,26845.1,26878.55
26-Dec-18,26634,27029.15,26408.15,26986.8
24-Dec-18,26877.05,26934.85,26676.95,26714.75
21-Dec-18,27261.25,27369.1,26823.1,26869.65
20-Dec-18,27128.65,27309.1,27084.5,27275.1
19-Dec-18,27229.05,27364.35,27214.3,27298.4
18-Dec-18,26917.3,27210.05,26840.8,27174.7
17-Dec-18,26915.45,27051.4,26908.6,27015.8
14-Dec-18,26810.85,26909,26732.7,26826
13-Dec-18,26844.15,26951.45,26723.65,26816.35
12-Dec-18,26286.25,26672.7,26214.75,26643.85
11-Dec-18,25602.25,26227.9,25598.95,26163.4
10-Dec-18,26073.65,26336.2,26072,26102.65
07-Dec-18,26307.4,26659.7,26252.1,26594.3
06-Dec-18,26339.1,26359.9,26149.45,26198.3
05-Dec-18,26572.1,26627.35,26443.65,26519.6
04-Dec-18,26809.5,26843.8,26644.75,26693.8
03-Dec-18,27032.9,27037.1,26791.65,26857.55
30-Nov-18,27009.3,27012.7,26764.9,26862.95
29-Nov-18,26641.6,27003.75,26577.15,26939.6
28-Nov-18,26489.65,26584.95,26419.65,26457.95
27-Nov-18,26286.1,26491.25,26268.65,26443.1
26-Nov-18,26096,26396.6,26025.05,26365.6
22-Nov-18,26233.65,26323.95,25947.85,25999.45
21-Nov-18,26105.45,26342.05,26060.55,26262.05
20-Nov-18,26211.5,26259.4,26041.8,26113.35
19-Nov-18,26364.6,26379.1,26204.35,26300.7
16-Nov-18,26205.35,26332.75,26122.55,26245.55
15-Nov-18,25946.2,26197.6,25728,26154.75
14-Nov-18,25952.4,26045.05,25806.7,25930.15
13-Nov-18,25422,25796.5,25384.55,25768.6
12-Nov-18,25816.15,25907.2,25495.1,25539.75
09-Nov-18,25742.55,25822.75,25598.75,25771
07-Nov-18,25818.1,25824.4,25698.1,25737.5
06-Nov-18,25747.4,25860.75,25558.35,25598
05-Nov-18,25731.55,25788.2,25534.4,25732.2
02-Nov-18,25545.35,25856.25,25499.15,25701.65
01-Nov-18,25285.2,25401.6,25129.45,25323.65
31-Oct-18,24823.8,25201.3,24528.35,25153.25
30-Oct-18,24924.75,25121.5,24686.85,24807.75
29-Oct-18,24647.95,25023.75,24404.55,24959.7
26-Oct-18,24771.85,24771.95,24353.1,24421.05
25-Oct-18,24841.5,24977.35,24696.85,24817.45
24-Oct-18,25312.7,25356.9,24839.65,25064.2
23-Oct-18,24786.9,25124.6,24784.9,24972.45
22-Oct-18,25484.25,25504.75,25021.35,25078.6
19-Oct-18,24966.5,25277.9,24922.65,25085.8
17-Oct-18,25839.1,25915.35,25101.95,25188.6
16-Oct-18,25414.2,25707.05,25351.8,25589.65
15-Oct-18,25444,25466.2,25147.8,25388.05
12-Oct-18,25001.95,25484.2,24975.45,25395.85
11-Oct-18,24541.75,24940.1,24493.7,24783.95
10-Oct-18,24596.6,25371.15,24559.9,25321.7
09-Oct-18,24703.65,24759.9,24464.9,24527.65
08-Oct-18,24470.75,24745.35,24240.05,24618.35
05-Oct-18,24741.65,25080.2,24250.65,24443.45
04-Oct-18,24735.15,24893.4,24501.05,24819.3
03-Oct-18,25290.55,25470.05,25026.35,25069.9
01-Oct-18,24943.9,25412.15,24707.65,25367
28-Sep-18,25135.8,25354.7,24919.25,25119.85
27-Sep-18,25442.1,25452.5,25007.05,25042.15
26-Sep-18,25525.1,25525.1,25197.35,25376.3
25-Sep-18,24947.7,25406.95,24678.25,25330.35
24-Sep-18,25645.05,25649.7,24904.5,24970.35
21-Sep-18,26331.05,26490.4,25053.35,25596.9
19-Sep-18,26532,26611.6,26235.7,26277.35
18-Sep-18,26757,26901.05,26407.45,26441.45
17-Sep-18,27002.6,27002.6,26743.4,26820.3
14-Sep-18,27059.85,27205.75,26989.8,27163.85
12-Sep-18,26895.15,26895.15,26555.15,26819.2
11-Sep-18,27295.2,27318.45,26772.25,26807.5
10-Sep-18,27395.2,27404.85,27142.55,27201.75
07-Sep-18,27439.25,27512.5,27232.8,27481.45
06-Sep-18,27464.25,27552.8,27246.25,27468.7
05-Sep-18,27409.3,27506.3,27136.05,27376.05
04-Sep-18,27845.55,27875.15,27385.85,27430.75
03-Sep-18,28199.45,28203.2,27777.4,27819.5
31-Aug-18,27998,28157.35,27940.95,28061.75
30-Aug-18,28233.7,28233.7,27961.75,28103.25
29-Aug-18,28233.4,28344.1,28167.8,28224.1
28-Aug-18,28379.9,28388.65,28152.7,28269.65
27-Aug-18,27971.25,28317.75,27958.2,28264.2
24-Aug-18,27954.25,28122.75,27782.8,27834.7
23-Aug-18,28321.95,28325.45,27965.35,28027.9
21-Aug-18,28295.85,28305.95,28151.9,28257.9
20-Aug-18,28171.65,28322.3,28171.65,28274.25
17-Aug-18,27991.75,28178.15,27953.8,28128.55
16-Aug-18,27836.15,28013.1,27779.5,27826.55
14-Aug-18,27864.4,28053.05,27854.9,28021.7
13-Aug-18,27760.8,27911.85,27739.5,27794.4
10-Aug-18,28348.95,28377.9,28087.65,28124.25
09-Aug-18,28173.65,28363.4,28132,28320
08-Aug-18,27930.55,28128.65,27858.75,28062.45
07-Aug-18,27972.95,27988.2,27827.3,27875.9
06-Aug-18,27769.55,27994,27766.05,27898.5
03-Aug-18,27471.95,27723,27448.15,27695.5
02-Aug-18,27469.5,27487.9,27327.95,27355.95
01-Aug-18,27684.8,27820.15,27477.9,27596.6
31-Jul-18,27797.2,27839.2,27651.3,27764.15
30-Jul-18,27767.65,27873.7,27607.95,27842.6
27-Jul-18,27497.8,27661.05,27455,27634.4
26-Jul-18,27054.7,27455.1,27045.05,27406.4
25-Jul-18,26992.55,27074,26939.35,27031.3
24-Jul-18,26984.15,27128,26868.15,26974.4
23-Jul-18,26701.3,27040.1,26671.35,27008.15
20-Jul-18,26764.4,26946.55,26718.6,26873.2
19-Jul-18,26960.2,27025.45,26730.1,26789.65
18-Jul-18,27107.35,27187.15,26834.45,26880.9
17-Jul-18,26662.85,27041.35,26653.65,27008.1
16-Jul-18,26914.5,26939.05,26643.95,26679.8
13-Jul-18,27046.85,27102.35,26902.3,26935.95
12-Jul-18,26937.5,27164.8,26936.05,27026.55
11-Jul-18,26900.65,26938.85,26774.6,26816.2
10-Jul-18,26844.55,26939.55,26778.5,26894.55
09-Jul-18,26642.35,26781.2,26611.55,26753.3
06-Jul-18,26427.55,26609.85,26410,26493.85
05-Jul-18,26481.55,26598.45,26415.2,26503.3
04-Jul-18,26249.25,26480.5,26132.9,26433.95
03-Jul-18,26210.1,26316.1,26142,26204.1
02-Jul-18,26364.45,26371.6,26060.6,26230.3
29-Jun-18,26312.7,26465,26291.35,26364.2
28-Jun-18,26398.1,26487.85,26161,26324.6
27-Jun-18,26616.3,26634.3,26336.5,26423.4
26-Jun-18,26495.65,26712.6,26479.65,26601.7
25-Jun-18,26718.15,26804.9,26573,26609.7
22-Jun-18,26518.4,26806.55,26364.25,26766.85
21-Jun-18,26645.3,26682.95,26454.95,26496.95
20-Jun-18,26320.45,26574.75,26309.95,26557.7
19-Jun-18,26448.1,26448.1,26224.75,26265.75
18-Jun-18,26444.3,26477.5,26322.45,26409.3
15-Jun-18,26513.7,26586.4,26344.95,26417.4
14-Jun-18,26612.3,26623.25,26503.1,26562.25
13-Jun-18,26721.95,26765.45,26598.2,26642.8
12-Jun-18,26566.6,26656.45,26449.85,26607.1
11-Jun-18,26473.2,26653,26421.95,26453.55
08-Jun-18,26457.25,26481,26284.2,26451.35
07-Jun-18,26577.95,26766.95,26483.9,26517.8
06-Jun-18,26266.9,26425.2,26147.8,26367.6
05-Jun-18,26263,26342.4,26069.55,26251
04-Jun-18,27023.7,27047.55,26205.9,26257.55
01-Jun-18,26913.4,26996.8,26658.55,26692.8
31-May-18,26587,27164.55,26354.55,26956.2
30-May-18,26039.9,26405.45,25980.85,26327.8
29-May-18,26567.25,26570.95,26221.1,26254.8
28-May-18,26291.65,26713.65,26273.9,26614.25
25-May-18,26066.75,26325.55,26031.45,26273.55
24-May-18,25722.9,26073.1,25658.4,26016.8
23-May-18,25726.95,25903.9,25622.15,25684.95
22-May-18,25780.25,25945.65,25701.35,25777.7
21-May-18,26017.5,26066.75,25685.35,25750.8
18-May-18,26025.6,26032,25839,25875.6
17-May-18,26233.2,26283.55,26012,26073.8
16-May-18,26269.35,26428.35,26102.15,26182.15
15-May-18,26494.9,26972.05,26407.3,26474
14-May-18,26404.45,26565.4,26338.05,26475.15
11-May-18,26173.7,26437.25,26099.85,26413.15
10-May-18,26216.1,26266.4,26057.2,26131
09-May-18,25988.1,26206.5,25946.3,26154.45
08-May-18,26074.15,26116.25,25954.6,26090.5
07-May-18,25676.25,25913.5,25675.15,25852.05
04-May-18,25632.3,25680.4,25537.7,25645.4
03-May-18,25547.9,25653.45,25469.05,25605.25
02-May-18,25607.05,25716.75,25499.35,25568.3
30-Apr-18,25490.15,25617.5,25464.8,25531.6
27-Apr-18,25030.15,25441.5,25029.65,25394.6
26-Apr-18,24833.2,25064,24753.4,25010.9
25-Apr-18,24993.4,24993.4,24734.6,24814.4
24-Apr-18,24972.2,25123.45,24955,25042.1
23-Apr-18,25065.5,25084.15,24466.1,24960.65
20-Apr-18,25126.8,25126.8,24839.3,24943.85
19-Apr-18,25206.45,25207.3,25049.7,25126.15
18-Apr-18,25426.75,25426.75,25058.75,25102.3
17-Apr-18,25383.75,25402.55,25224,25334.45
16-Apr-18,25082.1,25348.55,25067.35,25320.85
13-Apr-18,25239.65,25411.3,25076.85,25200.6
12-Apr-18,25076.9,25244.8,24969.4,25195.1
11-Apr-18,25198.35,25207.05,24950.3,25098.25
10-Apr-18,25153.6,25279.9,25120.2,25226.8
09-Apr-18,24848.85,25152.85,24828,25093.8
06-Apr-18,24776.35,24933.6,24626.4,24873.15
05-Apr-18,24394.45,24824.9,24380.85,24759.8
04-Apr-18,24502.5,24666.3,24087.8,24129.5
03-Apr-18,24285.95,24538,24254.35,24510.6
02-Apr-18,24235.65,24373.4,24062.95,24328.5
28-Mar-18,24299.5,24361,24203.4,24263.35
27-Mar-18,24396.4,24496.95,24266.4,24434.15
26-Mar-18,23674.9,24290.65,23657.05,24244.35
23-Mar-18,23785.65,23796.3,23605.6,23670.4
22-Mar-18,24252.95,24314.4,24094.85,24141.5
21-Mar-18,24331.3,24459.75,24208.65,24255.6
20-Mar-18,24133.95,24355.65,24082.95,24168.2
19-Mar-18,24530.15,24588.05,24186.95,24245.1
16-Mar-18,24753.65,24785.35,24439.15,24489.55
15-Mar-18,24854.3,24939.85,24732,24791.85
14-Mar-18,24629.65,24894.3,24487,24851.65
13-Mar-18,24624.6,25009.65,24597.55,24738.65
12-Mar-18,24443.6,24716.05,24358.5,24664.2
09-Mar-18,24556.95,24564.75,24259.7,24296.45
08-Mar-18,24273.9,24534.5,24048.55,24477.65
07-Mar-18,24333.85,24373.4,24096.75,24134.1
06-Mar-18,24964.1,25040.25,24362.05,24448.45
05-Mar-18,24831.35,24873.05,24682,24818.7
01-Mar-18,25022.35,25226.05,24854.4,24902.55
28-Feb-18,25116.25,25192.95,24942,25107.4
27-Feb-18,25684.6,25723.55,25356.4,25383.6
26-Feb-18,25452,25722.15,25381.2,25687.9
23-Feb-18,25002.25,25345.15,24962.85,25302.5
22-Feb-18,24812.7,24987.05,24781.7,24955.2
21-Feb-18,24996.6,24999.7,24796.35,24936.7
20-Feb-18,25105.55,25158.1,24829,24874.4
19-Feb-18,25324.6,25326.05,24824.55,25058.55
16-Feb-18,25511.95,25601,25100.9,25163.9
15-Feb-18,25360.9,25615.15,25295.15,25424.35
14-Feb-18,25810.25,25810.25,25212.35,25341.25
12-Feb-18,25530.1,25757.85,25485.4,25701.6
09-Feb-18,25466.3,25598.3,25371,25463.65
08-Feb-18,25759.85,26126.4,25637.4,25920.65
07-Feb-18,26065.4,26078.4,25558.05,25670
06-Feb-18,25140.1,26140.6,25023.85,25811.3
05-Feb-18,25968.15,26215.1,25917.55,26098.75
02-Feb-18,27017.4,27017.55,26364.05,26451.15
01-Feb-18,27334.85,27613.5,27046.35,27220.7
31-Jan-18,27136.25,27455.75,27116.95,27379.45
30-Jan-18,27466.85,27470.25,27242.05,27269.05
29-Jan-18,27446.1,27652.05,27407.4,27498.45
25-Jan-18,27414.1,27522.85,27151.75,27445.65
24-Jan-18,27310.15,27479.25,27219.45,27398.55
23-Jan-18,27089.95,27422.05,27066.15,27390.6
22-Jan-18,26940.5,27074.9,26841.2,27041.2
19-Jan-18,26615.65,26957.85,26433.55,26909.5
18-Jan-18,26762.25,26887.65,26423.75,26537.4
17-Jan-18,25946.15,26335.85,25922.3,26289.1
16-Jan-18,26129.15,26136.4,25931.7,25974.9
15-Jan-18,25858.15,26091.8,25842.95,26069.2
12-Jan-18,25732.4,25775.15,25557.6,25749.05
11-Jan-18,25628.2,25694.65,25532.25,25660.9
10-Jan-18,25709.9,25717.6,25527.5,25617.3
09-Jan-18,25727.95,25803.8,25617.25,25703.8
08-Jan-18,25690.25,25771.5,25643.8,25676.1
05-Jan-18,25524.45,25643.35,25499.55,25601.85
04-Jan-18,25367.65,25490.35,25310.3,25462.6
03-Jan-18,25425.75,25454.9,25300.9,25318.6
02-Jan-18,25382.2,25425.5,25232.8,25338.25
01-Jan-18,25565.75,25588,25271.55,25318.1
